<?xml version="1.0" encoding="utf-8" standalone="yes"?>
<menu>
   <link>
       <name>Dashboard</name>
       <url>index.php?option=com_tienda&#38;view=dashboard</url>
   </link>
   <link>
       <name>Profile</name>
       <url>index.php?option=com_tienda&#38;view=accounts</url>
   </link>
   <link>
       <name>Order History</name>
       <url>index.php?option=com_tienda&#38;view=orders</url>
   </link>
   <link>
       <name>Subscriptions</name>
       <url>index.php?option=com_tienda&#38;view=subscriptions</url>
   </link>
   <link>
       <name>My Downloads</name>
       <url>index.php?option=com_tienda&#38;view=productdownloads</url>
   </link>
   <link>
       <name>Shopping Cart</name>
       <url>index.php?option=com_tienda&#38;view=carts</url>
   </link>
</menu>