<?xml version="1.0" encoding="utf-8"?>
<install type="module" version="1.5.0" position="left" method="upgrade">
    <name>Compared Products</name>
    <author>Gerald Zalsos</author>
    <authorEmail>info@dioscouri.com</authorEmail>
    <authorUrl>http://www.dioscouri.com</authorUrl>
    <version>0.8.2</version>
    <creationDate>October 2011</creationDate>
    <copyright>2011 Dioscouri.com</copyright>
    <license>GNU General Public License</license>
    <description>Display a List of compared products of current user.</description>
    
    <files>
        <filename module="mod_tienda_compared_products">mod_tienda_compared_products.php</filename>
        <filename>helper.php</filename>
        <filename>index.html</filename>
        <folder>tmpl</folder>
    </files>
    
	<languages folder="languages">
		<language tag="en-GB">en-GB.mod_tienda_compared_products.ini</language>
	</languages>
	
	<params>		
		<param name="moduleclass_sfx" type="text" default="" label="Module Class Suffix" description="PARAMMODULECLASSSUFFIX" />        
    </params>
</install>