<?xml version="1.0" encoding="utf-8"?>
<install type="module" version="1.5.0" position="submenu" client="administrator" method="upgrade">
    <name>Tienda Admin-side Submenu</name>
    <author>Dioscouri</author>
    <authorEmail>info@dioscouri.com</authorEmail>
    <authorUrl>http://www.dioscouri.com</authorUrl>
    <version>0.8.2</version>
    <creationDate>October 2011</creationDate>
    <copyright>2011 Dioscouri.com</copyright>
    <license>GNU General Public License</license>
    <description>Displays the Tienda admin-side submenu</description>
    
    <files>
        <filename module="mod_tienda_admin_submenu">mod_tienda_admin_submenu.php</filename>
        <filename>index.html</filename>
        <folder>tmpl</folder>
    </files>
    
	<languages folder="languages">
		<language tag="en-GB">en-GB.mod_tienda_admin_submenu.ini</language>
	</languages>
	
	<params>
		<param name="moduleclass_sfx" type="text" default="" label="Module Class Suffix" description="PARAMMODULECLASSSUFFIX" />
    </params>
</install>