<?xml version="1.0" encoding="utf-8"?>
<install type="module" version="1.5.0" method="upgrade" position="left">
    <name>Currency Selector</name>
    <author>Dioscouri</author>
    <authorEmail>info@dioscouri.com</authorEmail>
    <authorUrl>http://www.dioscouri.com</authorUrl>
    <version>0.8.2</version>
    <creationDate>October 2011</creationDate>
    <copyright>2011 Dioscouri.com</copyright>
    <license>GNU General Public License</license>
    <description></description>
    <files>
        <filename module="mod_tienda_currency">mod_tienda_currency.php</filename>
        <filename>index.html</filename>
        <filename>tmpl/default.php</filename>
        <filename>tmpl/index.html</filename>
    </files>
	<languages>
		<language tag="en-GB">languages/en-GB.mod_tienda_currency.ini</language>
	</languages>
	<params>
		<param name="moduleclass_sfx" type="text" default="" label="Module Class Suffix" description="PARAMMODULECLASSSUFFIX" />
		<param type="spacer" />
    </params>
</install>