<?xml version="1.0" encoding="utf-8"?>
<install type="module" version="1.5.0" position="left" method="upgrade">
    <name>Product Categories</name>
    <author>Dioscouri</author>
    <authorEmail>info@dioscouri.com</authorEmail>
    <authorUrl>http://www.dioscouri.com</authorUrl>
    <version>0.8.2</version>
    <creationDate>October 2011</creationDate>
    <copyright>2011 Dioscouri.com</copyright>
    <license>GNU General Public License</license>
    <description>Display a tree of product categories</description>
    
    <files>
        <filename module="mod_tienda_categories">mod_tienda_categories.php</filename>
        <filename>helper.php</filename>
        <filename>index.html</filename>
        <folder>tmpl</folder>
    </files>
    
	<languages folder="languages">
		<language tag="en-GB">en-GB.mod_tienda_categories.ini</language>
	</languages>
	
	<params>
		<!-- TODO add multiple display variations
		<param name="display_type" type="list" default="list" label="Display Type" description="Display Type Description">
			<option value="list">Flat List</option>
			<option value="dropdown">Dropdown</option>
		</param> -->
		<param name="moduleclass_sfx" type="text" default="" label="Module Class Suffix" description="PARAMMODULECLASSSUFFIX" />
        <param name="itemid" type="text" default="" label="Itemid for Products Page" description="Itemid for Products Page" />
		<param name="depthlevel" type="text" default="3" label="Depth levels to show categories " description="Depth levels to show categories " />
    </params>
</install>