<?xml version="1.0" encoding="utf-8"?>
<install type="module" version="1.5.0" method="upgrade" position="left">
    <name>Shopping Cart</name>
    <author>Dioscouri</author>
    <authorEmail>info@dioscouri.com</authorEmail>
    <authorUrl>http://www.dioscouri.com</authorUrl>
    <version>0.8.2</version>
    <creationDate>October 2011</creationDate>
    <copyright>2011 Dioscouri.com</copyright>
    <license>GNU General Public License</license>
    <description></description>
    <files>
        <filename module="mod_tienda_cart">mod_tienda_cart.php</filename>
        <filename>helper.php</filename>
        <filename>index.html</filename>
        <folder>tmpl</folder>
    </files>
	<languages>
		<language tag="en-GB">languages/en-GB.mod_tienda_cart.ini</language>
	</languages>
	<params>
		<param name="moduleclass_sfx" type="text" default="" label="Module Class Suffix" description="PARAMMODULECLASSSUFFIX" />
		<param type="spacer" />
		<param name="display_null" type="radio" default="1" label="Display No Items" description="Display No Items Desc">
		  <option value="0">No</option>
		  <option value="1">Yes</option>
		</param>
        <param name="display_lightbox" type="radio" default="0" label="Display Cart in Lightbox" description="Display Cart in Lightbox">
          <option value="0">No</option>
          <option value="1">Yes</option>
        </param>
		<param name="null_text" type="text" size="50" default="No Items in Your Cart" label="No Items Text" description="No Items Text Desc"></param>
    </params>
</install>