<?xml version="1.0" encoding="utf-8" standalone="yes"?>
<menu>
   <link>
        <name>Products</name>
        <url>index.php?option=com_tienda&#38;view=products</url>
   </link>
   <link>
        <name>Categories</name>
        <url>index.php?option=com_tienda&#38;view=categories</url>
   </link>
   <link>
        <name>Manufacturers</name>
        <url>index.php?option=com_tienda&#38;view=manufacturers</url>
   </link>
   <link>
        <name>Reviews And Ratings</name>
        <url>index.php?option=com_tienda&#38;view=productcomments</url>
   </link>
</menu>